name,type,start_time,duration,"data"
"Async Serial [1]","data",1.1091515,0.000247375,0x54
"Async Serial [1]","data",1.10940475,0.000247375,0x51
"Async Serial [1]","data",1.109658125,0.000247375,0x46
"Async Serial [1]","data",1.109911375,0.000247375,0x0F
"Async Serial [1]","data",1.11016475,0.000247375,0x02
"Async Serial [1]","data",1.110418,0.000247375,0x52
"Async Serial [1]","data",1.110671375,0.000247375,0x74
"Async Serial [1]","data",1.11092475,0.000247375,0xC8
"Async Serial [1]","data",1.111178,0.000247375,0x01
"Async Serial [1]","data",1.111431375,0.000247375,0x00
"Async Serial [1]","data",1.111684625,0.000247375,0x00
"Async Serial [1]","data",1.111938,0.000247375,0x5B
"Async Serial [1]","data",1.11219125,0.000247375,0xBA
"Async Serial [1]","data",1.113476125,0.000247375,0x54
"Async Serial [1]","data",1.11372975,0.000247375,0x52
"Async Serial [1]","data",1.11398325,0.000247375,0x42
"Async Serial [1]","data",1.114236875,0.000247375,0x02
"Async Serial [1]","data",1.114490375,0.000247375,0x0F
"Async Serial [1]","data",1.114744,0.000247375,0x52
"Async Serial [1]","data",1.1149975,0.000247375,0x74
"Async Serial [1]","data",1.115251,0.000247375,0x39
"Async Serial [1]","data",1.115504625,0.000247375,0xA8
"Async Serial [1]","data",1.13632125,0.000247375,0x54
"Async Serial [1]","data",1.136574875,0.000247375,0x51
"Async Serial [1]","data",1.136828375,0.000247375,0x46
"Async Serial [1]","data",1.137081875,0.000247375,0x02
"Async Serial [1]","data",1.1373355,0.000247375,0x0F
"Async Serial [1]","data",1.137589,0.000247375,0x52
"Async Serial [1]","data",1.137842625,0.000247375,0x33
"Async Serial [1]","data",1.138096125,0.000247375,0x0A
"Async Serial [1]","data",1.13834975,0.000247375,0x03
"Async Serial [1]","data",1.13860325,0.000247375,0x00
"Async Serial [1]","data",1.13885675,0.000247375,0x01
"Async Serial [1]","data",1.139110375,0.000247375,0xB1
"Async Serial [1]","data",1.139363875,0.000247375,0xE5
"Async Serial [1]","data",1.140563375,0.000247375,0x54
"Async Serial [1]","data",1.14081675,0.000247375,0x52
"Async Serial [1]","data",1.14107,0.000247375,0x43
"Async Serial [1]","data",1.141323375,0.000247375,0x0F
"Async Serial [1]","data",1.14157675,0.000247375,0x02
"Async Serial [1]","data",1.14183,0.000247375,0x52
"Async Serial [1]","data",1.14208325,0.000247375,0x33
"Async Serial [1]","data",1.142336625,0.000247375,0x0A
"Async Serial [1]","data",1.14259,0.000247375,0x67
"Async Serial [1]","data",1.14284325,0.000247375,0x37
"Async Serial [1]","data",2.104842,0.000247375,0x54
"Async Serial [1]","data",2.1050955,0.000247375,0x51
"Async Serial [1]","data",2.105349,0.000247375,0x46
"Async Serial [1]","data",2.105602625,0.000247375,0x02
"Async Serial [1]","data",2.105856125,0.000247375,0x0F
"Async Serial [1]","data",2.10610975,0.000247375,0x52
"Async Serial [1]","data",2.10636325,0.000247375,0x34
"Async Serial [1]","data",2.106616875,0.000247375,0x0A
"Async Serial [1]","data",2.106870375,0.000247375,0x03
"Async Serial [1]","data",2.107123875,0.000247375,0x00
"Async Serial [1]","data",2.1073775,0.000247375,0x01
"Async Serial [1]","data",2.107631,0.000247375,0xD6
"Async Serial [1]","data",2.107884625,0.000247375,0x31
"Async Serial [1]","data",2.109090125,0.000247375,0x54
"Async Serial [1]","data",2.109343375,0.000247375,0x52
"Async Serial [1]","data",2.10959675,0.000247375,0x43
"Async Serial [1]","data",2.109850375,0.000247375,0x0F
"Async Serial [1]","data",2.110103375,0.000247375,0x02
"Async Serial [1]","data",2.11035675,0.000247375,0x52
"Async Serial [1]","data",2.11061,0.000247375,0x34
"Async Serial [1]","data",2.110863375,0.000247375,0x0A
"Async Serial [1]","data",2.111116625,0.000247375,0xFE
"Async Serial [1]","data",2.11137,0.000247375,0xA0
"Async Serial [1]","data",2.16734275,0.000247375,0x54
"Async Serial [1]","data",2.16759625,0.000247375,0x51
"Async Serial [1]","data",2.16784975,0.000247375,0x46
"Async Serial [1]","data",2.168103375,0.000247375,0x02
"Async Serial [1]","data",2.168356875,0.000247375,0x0F
"Async Serial [1]","data",2.1686105,0.000247375,0x52
"Async Serial [1]","data",2.168864,0.000247375,0x35
"Async Serial [1]","data",2.169117625,0.000247375,0x0A
"Async Serial [1]","data",2.169371125,0.000247375,0x03
"Async Serial [1]","data",2.169624625,0.000247375,0x00
"Async Serial [1]","data",2.16987825,0.000247375,0x01
"Async Serial [1]","data",2.17013175,0.000247375,0x7C
"Async Serial [1]","data",2.170385375,0.000247375,0x60
"Async Serial [1]","data",2.171584625,0.000247375,0x54
"Async Serial [1]","data",2.171838,0.000247375,0x52
"Async Serial [1]","data",2.17209125,0.000247375,0x43
"Async Serial [1]","data",2.172344625,0.000247375,0x0F
"Async Serial [1]","data",2.172597875,0.000247375,0x02
"Async Serial [1]","data",2.17285125,0.000247375,0x52
"Async Serial [1]","data",2.1731045,0.000247375,0x35
"Async Serial [1]","data",2.173357875,0.000247375,0x0A
"Async Serial [1]","data",2.17361125,0.000247375,0xCD
"Async Serial [1]","data",2.1738645,0.000247375,0x91
